aqi_parameter,nh3_aqi,co_aqi,no2_aqi,o3_aqi,pm10_aqi,pm25_aqi,so2_aqi,good_l,sat_l,mod_l,poor_l,vpoor_l,sev_l,good_h,sat_h,mod_h,poor_h,vpoor_h,sev_h,n,aqi
Ammonia,16.377266,,,,,,,0,50,100,200,300,400,50,100,200,300,400,500,.25,16.377266
Ammonia,17.011835,,,,,,,0,50,100,200,300,400,50,100,200,300,400,500,.5,17.011835
Ammonia,16.916428,,,,,,,0,50,100,200,300,400,50,100,200,300,400,500,.75,16.916428
Ammonia,17.786049,,,,,,,0,50,100,200,300,400,50,100,200,300,400,500,1,17.786049
Ammonia,17.708828,,,,,,,0,50,100,200,300,400,50,100,200,300,400,500,1.25,17.708828
Ammonia,17.916727,,,,,,,0,50,100,200,300,400,50,100,200,300,400,500,1.5,17.916727
Ammonia,17.818663,,,,,,,0,50,100,200,300,400,50,100,200,300,400,500,1.75,17.818663
Ammonia,17.376514,,,,,,,0,50,100,200,300,400,50,100,200,300,400,500,2,17.376514
Ammonia,16.852289,,,,,,,0,50,100,200,300,400,50,100,200,300,400,500,2.25,16.852289
Ammonia,15.993,,,,,,,0,50,100,200,300,400,50,100,200,300,400,500,2.5,15.993
Ammonia,15.281918,,,,,,,0,50,100,200,300,400,50,100,200,300,400,500,2.75,15.281918
Ammonia,14.99029,,,,,,,0,50,100,200,300,400,50,100,200,300,400,500,3,14.99029
Ammonia,15.324846,,,,,,,0,50,100,200,300,400,50,100,200,300,400,500,3.25,15.324846
Ammonia,14.357578,,,,,,,0,50,100,200,300,400,50,100,200,300,400,500,3.5,14.357578
Ammonia,14.128294,,,,,,,0,50,100,200,300,400,50,100,200,300,400,500,3.75,14.128294
Ammonia,14.394773,,,,,,,0,50,100,200,300,400,50,100,200,300,400,500,4,14.394773
Ammonia,14.152279,,,,,,,0,50,100,200,300,400,50,100,200,300,400,500,4.25,14.152279
Ammonia,13.70725,,,,,,,0,50,100,200,300,400,50,100,200,300,400,500,4.5,13.70725
Ammonia,13.690845,,,,,,,0,50,100,200,300,400,50,100,200,300,400,500,4.75,13.690845
Ammonia,13.432676,,,,,,,0,50,100,200,300,400,50,100,200,300,400,500,5,13.432676
Ammonia,13.356796,,,,,,,0,50,100,200,300,400,50,100,200,300,400,500,5.25,13.356796
Ammonia,13.197746,,,,,,,0,50,100,200,300,400,50,100,200,300,400,500,5.5,13.197746
Ammonia,12.986458,,,,,,,0,50,100,200,300,400,50,100,200,300,400,500,5.75,12.986458
Ammonia,12.686655,,,,,,,0,50,100,200,300,400,50,100,200,300,400,500,6,12.686655
Ammonia,12.618243,,,,,,,0,50,100,200,300,400,50,100,200,300,400,500,6.25,12.618243
Ammonia,12.528619,,,,,,,0,50,100,200,300,400,50,100,200,300,400,500,6.5,12.528619
Ammonia,12.599772,,,,,,,0,50,100,200,300,400,50,100,200,300,400,500,6.75,12.599772
Ammonia,12.771076,,,,,,,0,50,100,200,300,400,50,100,200,300,400,500,7,12.771076
Ammonia,12.886234,,,,,,,0,50,100,200,300,400,50,100,200,300,400,500,7.25,12.886234
Ammonia,12.999299,,,,,,,0,50,100,200,300,400,50,100,200,300,400,500,7.5,12.999299
Ammonia,13.381159,,,,,,,0,50,100,200,300,400,50,100,200,300,400,500,7.75,13.381159
Ammonia,13.6675,,,,,,,0,50,100,200,300,400,50,100,200,300,400,500,8,13.6675
Ammonia,14.001951,,,,,,,0,50,100,200,300,400,50,100,200,300,400,500,8.25,14.001951
Ammonia,14.380679,,,,,,,0,50,100,200,300,400,50,100,200,300,400,500,8.5,14.380679
Ammonia,14.649043,,,,,,,0,50,100,200,300,400,50,100,200,300,400,500,8.75,14.649043
Ammonia,14.938272,,,,,,,0,50,100,200,300,400,50,100,200,300,400,500,9,14.938272
Ammonia,15.195562,,,,,,,0,50,100,200,300,400,50,100,200,300,400,500,9.25,15.195562
Ammonia,15.337278,,,,,,,0,50,100,200,300,400,50,100,200,300,400,500,9.5,15.337278
Ammonia,14.726346,,,,,,,0,50,100,200,300,400,50,100,200,300,400,500,9.75,14.726346
Ammonia,14.331107,,,,,,,0,50,100,200,300,400,50,100,200,300,400,500,10,14.331107
Ammonia,14.14038,,,,,,,0,50,100,200,300,400,50,100,200,300,400,500,10.25,14.14038
Ammonia,13.543987,,,,,,,0,50,100,200,300,400,50,100,200,300,400,500,10.5,13.543987
Ammonia,13.334746,,,,,,,0,50,100,200,300,400,50,100,200,300,400,500,10.75,13.334746
Ammonia,13.287208,,,,,,,0,50,100,200,300,400,50,100,200,300,400,500,11,13.287208
Ammonia,13.072204,,,,,,,0,50,100,200,300,400,50,100,200,300,400,500,11.25,13.072204
Ammonia,13.018534,,,,,,,0,50,100,200,300,400,50,100,200,300,400,500,11.5,13.018534
Ammonia,12.500267,,,,,,,0,50,100,200,300,400,50,100,200,300,400,500,11.75,12.500267
Ammonia,11.951336,,,,,,,0,50,100,200,300,400,50,100,200,300,400,500,12,11.951336
Ammonia,11.859589,,,,,,,0,50,100,200,300,400,50,100,200,300,400,500,12.25,11.859589
Ammonia,11.614054,,,,,,,0,50,100,200,300,400,50,100,200,300,400,500,12.5,11.614054
Ammonia,11.109734,,,,,,,0,50,100,200,300,400,50,100,200,300,400,500,12.75,11.109734
Ammonia,11.004351,,,,,,,0,50,100,200,300,400,50,100,200,300,400,500,13,11.004351
Ammonia,10.736646,,,,,,,0,50,100,200,300,400,50,100,200,300,400,500,13.25,10.736646
Ammonia,11.268937,,,,,,,0,50,100,200,300,400,50,100,200,300,400,500,13.5,11.268937
Ammonia,11.621938,,,,,,,0,50,100,200,300,400,50,100,200,300,400,500,13.75,11.621938
Ammonia,11.450443,,,,,,,0,50,100,200,300,400,50,100,200,300,400,500,14,11.450443
Ammonia,11.333829,,,,,,,0,50,100,200,300,400,50,100,200,300,400,500,14.25,11.333829
Ammonia,12.367211,,,,,,,0,50,100,200,300,400,50,100,200,300,400,500,14.5,12.367211
Ammonia,14.254487,,,,,,,0,50,100,200,300,400,50,100,200,300,400,500,14.75,14.254487
Ammonia,11.399399,,,,,,,0,50,100,200,300,400,50,100,200,300,400,500,15,11.399399
Ammonia,11.097438,,,,,,,0,50,100,200,300,400,50,100,200,300,400,500,15.25,11.097438
Ammonia,10.847345,,,,,,,0,50,100,200,300,400,50,100,200,300,400,500,15.5,10.847345
Ammonia,10.604012,,,,,,,0,50,100,200,300,400,50,100,200,300,400,500,15.75,10.604012
Ammonia,10.30193,,,,,,,0,50,100,200,300,400,50,100,200,300,400,500,16,10.30193
Ammonia,10.396235,,,,,,,0,50,100,200,300,400,50,100,200,300,400,500,16.25,10.396235
Ammonia,10.473988,,,,,,,0,50,100,200,300,400,50,100,200,300,400,500,16.5,10.473988
Ammonia,10.313607,,,,,,,0,50,100,200,300,400,50,100,200,300,400,500,16.75,10.313607
Ammonia,10.330513,,,,,,,0,50,100,200,300,400,50,100,200,300,400,500,17,10.330513
Ammonia,10.378333,,,,,,,0,50,100,200,300,400,50,100,200,300,400,500,17.25,10.378333
Ammonia,10.358847,,,,,,,0,50,100,200,300,400,50,100,200,300,400,500,17.5,10.358847
Ammonia,10.441563,,,,,,,0,50,100,200,300,400,50,100,200,300,400,500,17.75,10.441563
Ammonia,10.722719,,,,,,,0,50,100,200,300,400,50,100,200,300,400,500,18,10.722719
Ammonia,11.108125,,,,,,,0,50,100,200,300,400,50,100,200,300,400,500,18.25,11.108125
Ammonia,11.580317,,,,,,,0,50,100,200,300,400,50,100,200,300,400,500,18.5,11.580317
Ammonia,11.802627,,,,,,,0,50,100,200,300,400,50,100,200,300,400,500,18.75,11.802627
Ammonia,12.356646,,,,,,,0,50,100,200,300,400,50,100,200,300,400,500,19,12.356646
Ammonia,12.519656,,,,,,,0,50,100,200,300,400,50,100,200,300,400,500,19.25,12.519656
Ammonia,12.805656,,,,,,,0,50,100,200,300,400,50,100,200,300,400,500,19.5,12.805656
Ammonia,12.932187,,,,,,,0,50,100,200,300,400,50,100,200,300,400,500,19.75,12.932187
Ammonia,13.398375,,,,,,,0,50,100,200,300,400,50,100,200,300,400,500,20,13.398375
Ammonia,13.685906,,,,,,,0,50,100,200,300,400,50,100,200,300,400,500,20.25,13.685906
Ammonia,13.836698,,,,,,,0,50,100,200,300,400,50,100,200,300,400,500,20.5,13.836698
Ammonia,14.144722,,,,,,,0,50,100,200,300,400,50,100,200,300,400,500,20.75,14.144722
Ammonia,14.485401,,,,,,,0,50,100,200,300,400,50,100,200,300,400,500,21,14.485401
Ammonia,14.88,,,,,,,0,50,100,200,300,400,50,100,200,300,400,500,21.25,14.88
Ammonia,15.20784,,,,,,,0,50,100,200,300,400,50,100,200,300,400,500,21.5,15.20784
Ammonia,15.202379,,,,,,,0,50,100,200,300,400,50,100,200,300,400,500,21.75,15.202379
Ammonia,15.243374,,,,,,,0,50,100,200,300,400,50,100,200,300,400,500,22,15.243374
Ammonia,15.413059,,,,,,,0,50,100,200,300,400,50,100,200,300,400,500,22.25,15.413059
Ammonia,15.398088,,,,,,,0,50,100,200,300,400,50,100,200,300,400,500,22.5,15.398088
Ammonia,15.601824,,,,,,,0,50,100,200,300,400,50,100,200,300,400,500,22.75,15.601824
Ammonia,15.579,,,,,,,0,50,100,200,300,400,50,100,200,300,400,500,23,15.579
Ammonia,16.067118,,,,,,,0,50,100,200,300,400,50,100,200,300,400,500,23.25,16.067118
Ammonia,16.0875,,,,,,,0,50,100,200,300,400,50,100,200,300,400,500,23.5,16.0875
Ammonia,16.121012,,,,,,,0,50,100,200,300,400,50,100,200,300,400,500,23.75,16.121012
Ammonia,16.110487,,,,,,,0,50,100,200,300,400,50,100,200,300,400,500,24,16.110487
Carbon Monoxide,,29.919409,,,,,,0,50,100,200,300,400,50,100,200,300,400,500,.25,29.919409
Carbon Monoxide,,29.782692,,,,,,0,50,100,200,300,400,50,100,200,300,400,500,.5,29.782692
Carbon Monoxide,,30.052734,,,,,,0,50,100,200,300,400,50,100,200,300,400,500,.75,30.052734
Carbon Monoxide,,29.820564,,,,,,0,50,100,200,300,400,50,100,200,300,400,500,1,29.820564
Carbon Monoxide,,32.412697,,,,,,0,50,100,200,300,400,50,100,200,300,400,500,1.25,32.412697
Carbon Monoxide,,28.916044,,,,,,0,50,100,200,300,400,50,100,200,300,400,500,1.5,28.916044
Carbon Monoxide,,26.882353,,,,,,0,50,100,200,300,400,50,100,200,300,400,500,1.75,26.882353
Carbon Monoxide,,26.218309,,,,,,0,50,100,200,300,400,50,100,200,300,400,500,2,26.218309
Carbon Monoxide,,29.352112,,,,,,0,50,100,200,300,400,50,100,200,300,400,500,2.25,29.352112
Carbon Monoxide,,27.453333,,,,,,0,50,100,200,300,400,50,100,200,300,400,500,2.5,27.453333
Carbon Monoxide,,26.303082,,,,,,0,50,100,200,300,400,50,100,200,300,400,500,2.75,26.303082
Carbon Monoxide,,24.833334,,,,,,0,50,100,200,300,400,50,100,200,300,400,500,3,24.833334
Carbon Monoxide,,27.584616,,,,,,0,50,100,200,300,400,50,100,200,300,400,500,3.25,27.584616
Carbon Monoxide,,26.851563,,,,,,0,50,100,200,300,400,50,100,200,300,400,500,3.5,26.851563
Carbon Monoxide,,27.952381,,,,,,0,50,100,200,300,400,50,100,200,300,400,500,3.75,27.952381
Carbon Monoxide,,23.895523,,,,,,0,50,100,200,300,400,50,100,200,300,400,500,4,23.895523
Carbon Monoxide,,24.434782,,,,,,0,50,100,200,300,400,50,100,200,300,400,500,4.25,24.434782
Carbon Monoxide,,24.739437,,,,,,0,50,100,200,300,400,50,100,200,300,400,500,4.5,24.739437
Carbon Monoxide,,24.631945,,,,,,0,50,100,200,300,400,50,100,200,300,400,500,4.75,24.631945
Carbon Monoxide,,23.013889,,,,,,0,50,100,200,300,400,50,100,200,300,400,500,5,23.013889
Carbon Monoxide,,24.229166,,,,,,0,50,100,200,300,400,50,100,200,300,400,500,5.25,24.229166
Carbon Monoxide,,23.347221,,,,,,0,50,100,200,300,400,50,100,200,300,400,500,5.5,23.347221
Carbon Monoxide,,23.547945,,,,,,0,50,100,200,300,400,50,100,200,300,400,500,5.75,23.547945
Carbon Monoxide,,23.346666,,,,,,0,50,100,200,300,400,50,100,200,300,400,500,6,23.346666
Carbon Monoxide,,27.82,,,,,,0,50,100,200,300,400,50,100,200,300,400,500,6.25,27.82
Carbon Monoxide,,28.621666,,,,,,0,50,100,200,300,400,50,100,200,300,400,500,6.5,28.621666
Carbon Monoxide,,28.921053,,,,,,0,50,100,200,300,400,50,100,200,300,400,500,6.75,28.921053
Carbon Monoxide,,27.134375,,,,,,0,50,100,200,300,400,50,100,200,300,400,500,7,27.134375
Carbon Monoxide,,28.676828,,,,,,0,50,100,200,300,400,50,100,200,300,400,500,7.25,28.676828
Carbon Monoxide,,30.493977,,,,,,0,50,100,200,300,400,50,100,200,300,400,500,7.5,30.493977
Carbon Monoxide,,32.282738,,,,,,0,50,100,200,300,400,50,100,200,300,400,500,7.75,32.282738
Carbon Monoxide,,28.489584,,,,,,0,50,100,200,300,400,50,100,200,300,400,500,8,28.489584
Carbon Monoxide,,30.827381,,,,,,0,50,100,200,300,400,50,100,200,300,400,500,8.25,30.827381
Carbon Monoxide,,33.548191,,,,,,0,50,100,200,300,400,50,100,200,300,400,500,8.5,33.548191
Carbon Monoxide,,35.548191,,,,,,0,50,100,200,300,400,50,100,200,300,400,500,8.75,35.548191
Carbon Monoxide,,30.602409,,,,,,0,50,100,200,300,400,50,100,200,300,400,500,9,30.602409
Carbon Monoxide,,28.670732,,,,,,0,50,100,200,300,400,50,100,200,300,400,500,9.25,28.670732
Carbon Monoxide,,28.901234,,,,,,0,50,100,200,300,400,50,100,200,300,400,500,9.5,28.901234
Carbon Monoxide,,29.475904,,,,,,0,50,100,200,300,400,50,100,200,300,400,500,9.75,29.475904
Carbon Monoxide,,27.660715,,,,,,0,50,100,200,300,400,50,100,200,300,400,500,10,27.660715
Carbon Monoxide,,28.130953,,,,,,0,50,100,200,300,400,50,100,200,300,400,500,10.25,28.130953
Carbon Monoxide,,29.720238,,,,,,0,50,100,200,300,400,50,100,200,300,400,500,10.5,29.720238
Carbon Monoxide,,29.761906,,,,,,0,50,100,200,300,400,50,100,200,300,400,500,10.75,29.761906
Carbon Monoxide,,27.183641,,,,,,0,50,100,200,300,400,50,100,200,300,400,500,11,27.183641
Carbon Monoxide,,28.222757,,,,,,0,50,100,200,300,400,50,100,200,300,400,500,11.25,28.222757
Carbon Monoxide,,28.02564,,,,,,0,50,100,200,300,400,50,100,200,300,400,500,11.5,28.02564
Carbon Monoxide,,27.979687,,,,,,0,50,100,200,300,400,50,100,200,300,400,500,11.75,27.979687
Carbon Monoxide,,26.075001,,,,,,0,50,100,200,300,400,50,100,200,300,400,500,12,26.075001
Carbon Monoxide,,29.418751,,,,,,0,50,100,200,300,400,50,100,200,300,400,500,12.25,29.418751
Carbon Monoxide,,29.7875,,,,,,0,50,100,200,300,400,50,100,200,300,400,500,12.5,29.7875
Carbon Monoxide,,30.396875,,,,,,0,50,100,200,300,400,50,100,200,300,400,500,12.75,30.396875
Carbon Monoxide,,25.396341,,,,,,0,50,100,200,300,400,50,100,200,300,400,500,13,25.396341
Carbon Monoxide,,27.231707,,,,,,0,50,100,200,300,400,50,100,200,300,400,500,13.25,27.231707
Carbon Monoxide,,28,,,,,,0,50,100,200,300,400,50,100,200,300,400,500,13.5,28
Carbon Monoxide,,28.823172,,,,,,0,50,100,200,300,400,50,100,200,300,400,500,13.75,28.823172
Carbon Monoxide,,24.88125,,,,,,0,50,100,200,300,400,50,100,200,300,400,500,14,24.88125
Carbon Monoxide,,29.919754,,,,,,0,50,100,200,300,400,50,100,200,300,400,500,14.25,29.919754
Carbon Monoxide,,25.941359,,,,,,0,50,100,200,300,400,50,100,200,300,400,500,14.5,25.941359
Carbon Monoxide,,25.550926,,,,,,0,50,100,200,300,400,50,100,200,300,400,500,14.75,25.550926
Carbon Monoxide,,23.451807,,,,,,0,50,100,200,300,400,50,100,200,300,400,500,15,23.451807
Carbon Monoxide,,23.658537,,,,,,0,50,100,200,300,400,50,100,200,300,400,500,15.25,23.658537
Carbon Monoxide,,24.409639,,,,,,0,50,100,200,300,400,50,100,200,300,400,500,15.5,24.409639
Carbon Monoxide,,26.620481,,,,,,0,50,100,200,300,400,50,100,200,300,400,500,15.75,26.620481
Carbon Monoxide,,25.493902,,,,,,0,50,100,200,300,400,50,100,200,300,400,500,16,25.493902
Carbon Monoxide,,25.20122,,,,,,0,50,100,200,300,400,50,100,200,300,400,500,16.25,25.20122
Carbon Monoxide,,26.246914,,,,,,0,50,100,200,300,400,50,100,200,300,400,500,16.5,26.246914
Carbon Monoxide,,28.754629,,,,,,0,50,100,200,300,400,50,100,200,300,400,500,16.75,28.754629
Carbon Monoxide,,26.50625,,,,,,0,50,100,200,300,400,50,100,200,300,400,500,17,26.50625
Carbon Monoxide,,27.393749,,,,,,0,50,100,200,300,400,50,100,200,300,400,500,17.25,27.393749
Carbon Monoxide,,28.6,,,,,,0,50,100,200,300,400,50,100,200,300,400,500,17.5,28.6
Carbon Monoxide,,29.481251,,,,,,0,50,100,200,300,400,50,100,200,300,400,500,17.75,29.481251
Carbon Monoxide,,27.90625,,,,,,0,50,100,200,300,400,50,100,200,300,400,500,18,27.90625
Carbon Monoxide,,29.668751,,,,,,0,50,100,200,300,400,50,100,200,300,400,500,18.25,29.668751
Carbon Monoxide,,31.411392,,,,,,0,50,100,200,300,400,50,100,200,300,400,500,18.5,31.411392
Carbon Monoxide,,33.626583,,,,,,0,50,100,200,300,400,50,100,200,300,400,500,18.75,33.626583
Carbon Monoxide,,30.063292,,,,,,0,50,100,200,300,400,50,100,200,300,400,500,19,30.063292
Carbon Monoxide,,32.575951,,,,,,0,50,100,200,300,400,50,100,200,300,400,500,19.25,32.575951
Carbon Monoxide,,34.237179,,,,,,0,50,100,200,300,400,50,100,200,300,400,500,19.5,34.237179
Carbon Monoxide,,34.625,,,,,,0,50,100,200,300,400,50,100,200,300,400,500,19.75,34.625
Carbon Monoxide,,33.168751,,,,,,0,50,100,200,300,400,50,100,200,300,400,500,20,33.168751
Carbon Monoxide,,37.851563,,,,,,0,50,100,200,300,400,50,100,200,300,400,500,20.25,37.851563
Carbon Monoxide,,39.819443,,,,,,0,50,100,200,300,400,50,100,200,300,400,500,20.5,39.819443
Carbon Monoxide,,40.26852,,,,,,0,50,100,200,300,400,50,100,200,300,400,500,20.75,40.26852
Carbon Monoxide,,34.938271,,,,,,0,50,100,200,300,400,50,100,200,300,400,500,21,34.938271
Carbon Monoxide,,38.597221,,,,,,0,50,100,200,300,400,50,100,200,300,400,500,21.25,38.597221
Carbon Monoxide,,38.674999,,,,,,0,50,100,200,300,400,50,100,200,300,400,500,21.5,38.674999
Carbon Monoxide,,38.471035,,,,,,0,50,100,200,300,400,50,100,200,300,400,500,21.75,38.471035
Carbon Monoxide,,34.956326,,,,,,0,50,100,200,300,400,50,100,200,300,400,500,22,34.956326
Carbon Monoxide,,36.330883,,,,,,0,50,100,200,300,400,50,100,200,300,400,500,22.25,36.330883
Carbon Monoxide,,35.208824,,,,,,0,50,100,200,300,400,50,100,200,300,400,500,22.5,35.208824
Carbon Monoxide,,33.015987,,,,,,0,50,100,200,300,400,50,100,200,300,400,500,22.75,33.015987
Carbon Monoxide,,31.585756,,,,,,0,50,100,200,300,400,50,100,200,300,400,500,23,31.585756
Carbon Monoxide,,34.229652,,,,,,0,50,100,200,300,400,50,100,200,300,400,500,23.25,34.229652
Carbon Monoxide,,32.811047,,,,,,0,50,100,200,300,400,50,100,200,300,400,500,23.5,32.811047
Carbon Monoxide,,29.982353,,,,,,0,50,100,200,300,400,50,100,200,300,400,500,23.75,29.982353
Carbon Monoxide,,28.641565,,,,,,0,50,100,200,300,400,50,100,200,300,400,500,24,28.641565
Nitrogen Dioxide,,,44.755421,,,,,0,50,100,200,300,400,50,100,200,300,400,500,.25,44.755421
Nitrogen Dioxide,,,45.297001,,,,,0,50,100,200,300,400,50,100,200,300,400,500,.5,45.297001
Nitrogen Dioxide,,,44.962265,,,,,0,50,100,200,300,400,50,100,200,300,400,500,.75,44.962265
Nitrogen Dioxide,,,45.580605,,,,,0,50,100,200,300,400,50,100,200,300,400,500,1,45.580605
Nitrogen Dioxide,,,44.126251,,,,,0,50,100,200,300,400,50,100,200,300,400,500,1.25,44.126251
Nitrogen Dioxide,,,43.880035,,,,,0,50,100,200,300,400,50,100,200,300,400,500,1.5,43.880035
Nitrogen Dioxide,,,44.306442,,,,,0,50,100,200,300,400,50,100,200,300,400,500,1.75,44.306442
Nitrogen Dioxide,,,44.027637,,,,,0,50,100,200,300,400,50,100,200,300,400,500,2,44.027637
Nitrogen Dioxide,,,42.936077,,,,,0,50,100,200,300,400,50,100,200,300,400,500,2.25,42.936077
Nitrogen Dioxide,,,41.40477,,,,,0,50,100,200,300,400,50,100,200,300,400,500,2.5,41.40477
Nitrogen Dioxide,,,40.489967,,,,,0,50,100,200,300,400,50,100,200,300,400,500,2.75,40.489967
Nitrogen Dioxide,,,40.374001,,,,,0,50,100,200,300,400,50,100,200,300,400,500,3,40.374001
Nitrogen Dioxide,,,41.675911,,,,,0,50,100,200,300,400,50,100,200,300,400,500,3.25,41.675911
Nitrogen Dioxide,,,39.786961,,,,,0,50,100,200,300,400,50,100,200,300,400,500,3.5,39.786961
Nitrogen Dioxide,,,39.78664,,,,,0,50,100,200,300,400,50,100,200,300,400,500,3.75,39.78664
Nitrogen Dioxide,,,40.198917,,,,,0,50,100,200,300,400,50,100,200,300,400,500,4,40.198917
Nitrogen Dioxide,,,39.472248,,,,,0,50,100,200,300,400,50,100,200,300,400,500,4.25,39.472248
Nitrogen Dioxide,,,39.50243,,,,,0,50,100,200,300,400,50,100,200,300,400,500,4.5,39.50243
Nitrogen Dioxide,,,39.315067,,,,,0,50,100,200,300,400,50,100,200,300,400,500,4.75,39.315067
Nitrogen Dioxide,,,38.738049,,,,,0,50,100,200,300,400,50,100,200,300,400,500,5,38.738049
Nitrogen Dioxide,,,38.587296,,,,,0,50,100,200,300,400,50,100,200,300,400,500,5.25,38.587296
Nitrogen Dioxide,,,38.564213,,,,,0,50,100,200,300,400,50,100,200,300,400,500,5.5,38.564213
Nitrogen Dioxide,,,37.718513,,,,,0,50,100,200,300,400,50,100,200,300,400,500,5.75,37.718513
Nitrogen Dioxide,,,37.688618,,,,,0,50,100,200,300,400,50,100,200,300,400,500,6,37.688618
Nitrogen Dioxide,,,37.952991,,,,,0,50,100,200,300,400,50,100,200,300,400,500,6.25,37.952991
Nitrogen Dioxide,,,37.904358,,,,,0,50,100,200,300,400,50,100,200,300,400,500,6.5,37.904358
Nitrogen Dioxide,,,37.791866,,,,,0,50,100,200,300,400,50,100,200,300,400,500,6.75,37.791866
Nitrogen Dioxide,,,37.872841,,,,,0,50,100,200,300,400,50,100,200,300,400,500,7,37.872841
Nitrogen Dioxide,,,37.517143,,,,,0,50,100,200,300,400,50,100,200,300,400,500,7.25,37.517143
Nitrogen Dioxide,,,37.774323,,,,,0,50,100,200,300,400,50,100,200,300,400,500,7.5,37.774323
Nitrogen Dioxide,,,38.684204,,,,,0,50,100,200,300,400,50,100,200,300,400,500,7.75,38.684204
Nitrogen Dioxide,,,39.651264,,,,,0,50,100,200,300,400,50,100,200,300,400,500,8,39.651264
Nitrogen Dioxide,,,40.264,,,,,0,50,100,200,300,400,50,100,200,300,400,500,8.25,40.264
Nitrogen Dioxide,,,41.106728,,,,,0,50,100,200,300,400,50,100,200,300,400,500,8.5,41.106728
Nitrogen Dioxide,,,41.849998,,,,,0,50,100,200,300,400,50,100,200,300,400,500,8.75,41.849998
Nitrogen Dioxide,,,42.184345,,,,,0,50,100,200,300,400,50,100,200,300,400,500,9,42.184345
Nitrogen Dioxide,,,42.843555,,,,,0,50,100,200,300,400,50,100,200,300,400,500,9.25,42.843555
Nitrogen Dioxide,,,42.891327,,,,,0,50,100,200,300,400,50,100,200,300,400,500,9.5,42.891327
Nitrogen Dioxide,,,42.113487,,,,,0,50,100,200,300,400,50,100,200,300,400,500,9.75,42.113487
Nitrogen Dioxide,,,42.065884,,,,,0,50,100,200,300,400,50,100,200,300,400,500,10,42.065884
Nitrogen Dioxide,,,41.963108,,,,,0,50,100,200,300,400,50,100,200,300,400,500,10.25,41.963108
Nitrogen Dioxide,,,40.715275,,,,,0,50,100,200,300,400,50,100,200,300,400,500,10.5,40.715275
Nitrogen Dioxide,,,40.52866,,,,,0,50,100,200,300,400,50,100,200,300,400,500,10.75,40.52866
Nitrogen Dioxide,,,40.61422,,,,,0,50,100,200,300,400,50,100,200,300,400,500,11,40.61422
Nitrogen Dioxide,,,40.389492,,,,,0,50,100,200,300,400,50,100,200,300,400,500,11.25,40.389492
Nitrogen Dioxide,,,39.798397,,,,,0,50,100,200,300,400,50,100,200,300,400,500,11.5,39.798397
Nitrogen Dioxide,,,38.91048,,,,,0,50,100,200,300,400,50,100,200,300,400,500,11.75,38.91048
Nitrogen Dioxide,,,38.227795,,,,,0,50,100,200,300,400,50,100,200,300,400,500,12,38.227795
Nitrogen Dioxide,,,37.642105,,,,,0,50,100,200,300,400,50,100,200,300,400,500,12.25,37.642105
Nitrogen Dioxide,,,36.507629,,,,,0,50,100,200,300,400,50,100,200,300,400,500,12.5,36.507629
Nitrogen Dioxide,,,36.606571,,,,,0,50,100,200,300,400,50,100,200,300,400,500,12.75,36.606571
Nitrogen Dioxide,,,36.208126,,,,,0,50,100,200,300,400,50,100,200,300,400,500,13,36.208126
Nitrogen Dioxide,,,36.213261,,,,,0,50,100,200,300,400,50,100,200,300,400,500,13.25,36.213261
Nitrogen Dioxide,,,36.526688,,,,,0,50,100,200,300,400,50,100,200,300,400,500,13.5,36.526688
Nitrogen Dioxide,,,36.758823,,,,,0,50,100,200,300,400,50,100,200,300,400,500,13.75,36.758823
Nitrogen Dioxide,,,36.809849,,,,,0,50,100,200,300,400,50,100,200,300,400,500,14,36.809849
Nitrogen Dioxide,,,37.608688,,,,,0,50,100,200,300,400,50,100,200,300,400,500,14.25,37.608688
Nitrogen Dioxide,,,36.698765,,,,,0,50,100,200,300,400,50,100,200,300,400,500,14.5,36.698765
Nitrogen Dioxide,,,37.758125,,,,,0,50,100,200,300,400,50,100,200,300,400,500,14.75,37.758125
Nitrogen Dioxide,,,36.47963,,,,,0,50,100,200,300,400,50,100,200,300,400,500,15,36.47963
Nitrogen Dioxide,,,36.504116,,,,,0,50,100,200,300,400,50,100,200,300,400,500,15.25,36.504116
Nitrogen Dioxide,,,36.518673,,,,,0,50,100,200,300,400,50,100,200,300,400,500,15.5,36.518673
Nitrogen Dioxide,,,37.748646,,,,,0,50,100,200,300,400,50,100,200,300,400,500,15.75,37.748646
Nitrogen Dioxide,,,36.866707,,,,,0,50,100,200,300,400,50,100,200,300,400,500,16,36.866707
Nitrogen Dioxide,,,36.361435,,,,,0,50,100,200,300,400,50,100,200,300,400,500,16.25,36.361435
Nitrogen Dioxide,,,36.276852,,,,,0,50,100,200,300,400,50,100,200,300,400,500,16.5,36.276852
Nitrogen Dioxide,,,36.683796,,,,,0,50,100,200,300,400,50,100,200,300,400,500,16.75,36.683796
Nitrogen Dioxide,,,36.6875,,,,,0,50,100,200,300,400,50,100,200,300,400,500,17,36.6875
Nitrogen Dioxide,,,36.276718,,,,,0,50,100,200,300,400,50,100,200,300,400,500,17.25,36.276718
Nitrogen Dioxide,,,36.353596,,,,,0,50,100,200,300,400,50,100,200,300,400,500,17.5,36.353596
Nitrogen Dioxide,,,36.634758,,,,,0,50,100,200,300,400,50,100,200,300,400,500,17.75,36.634758
Nitrogen Dioxide,,,37.791462,,,,,0,50,100,200,300,400,50,100,200,300,400,500,18,37.791462
Nitrogen Dioxide,,,38.310062,,,,,0,50,100,200,300,400,50,100,200,300,400,500,18.25,38.310062
Nitrogen Dioxide,,,38.967747,,,,,0,50,100,200,300,400,50,100,200,300,400,500,18.5,38.967747
Nitrogen Dioxide,,,40.078857,,,,,0,50,100,200,300,400,50,100,200,300,400,500,18.75,40.078857
Nitrogen Dioxide,,,41.176544,,,,,0,50,100,200,300,400,50,100,200,300,400,500,19,41.176544
Nitrogen Dioxide,,,42.040977,,,,,0,50,100,200,300,400,50,100,200,300,400,500,19.25,42.040977
Nitrogen Dioxide,,,42.310608,,,,,0,50,100,200,300,400,50,100,200,300,400,500,19.5,42.310608
Nitrogen Dioxide,,,42.699757,,,,,0,50,100,200,300,400,50,100,200,300,400,500,19.75,42.699757
Nitrogen Dioxide,,,42.953049,,,,,0,50,100,200,300,400,50,100,200,300,400,500,20,42.953049
Nitrogen Dioxide,,,43.671829,,,,,0,50,100,200,300,400,50,100,200,300,400,500,20.25,43.671829
Nitrogen Dioxide,,,43.625996,,,,,0,50,100,200,300,400,50,100,200,300,400,500,20.5,43.625996
Nitrogen Dioxide,,,44.57024,,,,,0,50,100,200,300,400,50,100,200,300,400,500,20.75,44.57024
Nitrogen Dioxide,,,44.350632,,,,,0,50,100,200,300,400,50,100,200,300,400,500,21,44.350632
Nitrogen Dioxide,,,44.368916,,,,,0,50,100,200,300,400,50,100,200,300,400,500,21.25,44.368916
Nitrogen Dioxide,,,45.329037,,,,,0,50,100,200,300,400,50,100,200,300,400,500,21.5,45.329037
Nitrogen Dioxide,,,44.652206,,,,,0,50,100,200,300,400,50,100,200,300,400,500,21.75,44.652206
Nitrogen Dioxide,,,44.447529,,,,,0,50,100,200,300,400,50,100,200,300,400,500,22,44.447529
Nitrogen Dioxide,,,44.485516,,,,,0,50,100,200,300,400,50,100,200,300,400,500,22.25,44.485516
Nitrogen Dioxide,,,44.128822,,,,,0,50,100,200,300,400,50,100,200,300,400,500,22.5,44.128822
Nitrogen Dioxide,,,44.27882,,,,,0,50,100,200,300,400,50,100,200,300,400,500,22.75,44.27882
Nitrogen Dioxide,,,43.761436,,,,,0,50,100,200,300,400,50,100,200,300,400,500,23,43.761436
Nitrogen Dioxide,,,44.15572,,,,,0,50,100,200,300,400,50,100,200,300,400,500,23.25,44.15572
Nitrogen Dioxide,,,44.59819,,,,,0,50,100,200,300,400,50,100,200,300,400,500,23.5,44.59819
Nitrogen Dioxide,,,43.485348,,,,,0,50,100,200,300,400,50,100,200,300,400,500,23.75,43.485348
Nitrogen Dioxide,,,43.63509,,,,,0,50,100,200,300,400,50,100,200,300,400,500,24,43.63509
Particulate Matter 2.5,,,,,,343.65561,,0,50,100,200,300,400,50,100,200,300,400,500,.25,343.65561
Particulate Matter 2.5,,,,,,351.52884,,0,50,100,200,300,400,50,100,200,300,400,500,.5,351.52884
Particulate Matter 2.5,,,,,,352.81586,,0,50,100,200,300,400,50,100,200,300,400,500,.75,352.81586
Particulate Matter 2.5,,,,,,352.20975,,0,50,100,200,300,400,50,100,200,300,400,500,1,352.20975
Particulate Matter 2.5,,,,,,351.0813,,0,50,100,200,300,400,50,100,200,300,400,500,1.25,351.0813
Particulate Matter 2.5,,,,,,352.18713,,0,50,100,200,300,400,50,100,200,300,400,500,1.5,352.18713
Particulate Matter 2.5,,,,,,345.34866,,0,50,100,200,300,400,50,100,200,300,400,500,1.75,345.34866
Particulate Matter 2.5,,,,,,344.25916,,0,50,100,200,300,400,50,100,200,300,400,500,2,344.25916
Particulate Matter 2.5,,,,,,349.04282,,0,50,100,200,300,400,50,100,200,300,400,500,2.25,349.04282
Particulate Matter 2.5,,,,,,335.98346,,0,50,100,200,300,400,50,100,200,300,400,500,2.5,335.98346
Particulate Matter 2.5,,,,,,336.58957,,0,50,100,200,300,400,50,100,200,300,400,500,2.75,336.58957
Particulate Matter 2.5,,,,,,334.52753,,0,50,100,200,300,400,50,100,200,300,400,500,3,334.52753
Particulate Matter 2.5,,,,,,341.9408,,0,50,100,200,300,400,50,100,200,300,400,500,3.25,341.9408
Particulate Matter 2.5,,,,,,335.56345,,0,50,100,200,300,400,50,100,200,300,400,500,3.5,335.56345
Particulate Matter 2.5,,,,,,329.20807,,0,50,100,200,300,400,50,100,200,300,400,500,3.75,329.20807
Particulate Matter 2.5,,,,,,333.35822,,0,50,100,200,300,400,50,100,200,300,400,500,4,333.35822
Particulate Matter 2.5,,,,,,332.96381,,0,50,100,200,300,400,50,100,200,300,400,500,4.25,332.96381
Particulate Matter 2.5,,,,,,335.92386,,0,50,100,200,300,400,50,100,200,300,400,500,4.5,335.92386
Particulate Matter 2.5,,,,,,330.23672,,0,50,100,200,300,400,50,100,200,300,400,500,4.75,330.23672
Particulate Matter 2.5,,,,,,329.93216,,0,50,100,200,300,400,50,100,200,300,400,500,5,329.93216
Particulate Matter 2.5,,,,,,331.1517,,0,50,100,200,300,400,50,100,200,300,400,500,5.25,331.1517
Particulate Matter 2.5,,,,,,330.62997,,0,50,100,200,300,400,50,100,200,300,400,500,5.5,330.62997
Particulate Matter 2.5,,,,,,327.58881,,0,50,100,200,300,400,50,100,200,300,400,500,5.75,327.58881
Particulate Matter 2.5,,,,,,323.33032,,0,50,100,200,300,400,50,100,200,300,400,500,6,323.33032
Particulate Matter 2.5,,,,,,324.61044,,0,50,100,200,300,400,50,100,200,300,400,500,6.25,324.61044
Particulate Matter 2.5,,,,,,321.36389,,0,50,100,200,300,400,50,100,200,300,400,500,6.5,321.36389
Particulate Matter 2.5,,,,,,318.89288,,0,50,100,200,300,400,50,100,200,300,400,500,6.75,318.89288
Particulate Matter 2.5,,,,,,313.98611,,0,50,100,200,300,400,50,100,200,300,400,500,7,313.98611
Particulate Matter 2.5,,,,,,320.38065,,0,50,100,200,300,400,50,100,200,300,400,500,7.25,320.38065
Particulate Matter 2.5,,,,,,322.57404,,0,50,100,200,300,400,50,100,200,300,400,500,7.5,322.57404
Particulate Matter 2.5,,,,,,324.0231,,0,50,100,200,300,400,50,100,200,300,400,500,7.75,324.0231
Particulate Matter 2.5,,,,,,325.01254,,0,50,100,200,300,400,50,100,200,300,400,500,8,325.01254
Particulate Matter 2.5,,,,,,330.73224,,0,50,100,200,300,400,50,100,200,300,400,500,8.25,330.73224
Particulate Matter 2.5,,,,,,328.61124,,0,50,100,200,300,400,50,100,200,300,400,500,8.5,328.61124
Particulate Matter 2.5,,,,,,328.4696,,0,50,100,200,300,400,50,100,200,300,400,500,8.75,328.4696
Particulate Matter 2.5,,,,,,328.84238,,0,50,100,200,300,400,50,100,200,300,400,500,9,328.84238
Particulate Matter 2.5,,,,,,339.90567,,0,50,100,200,300,400,50,100,200,300,400,500,9.25,339.90567
Particulate Matter 2.5,,,,,,340.05106,,0,50,100,200,300,400,50,100,200,300,400,500,9.5,340.05106
Particulate Matter 2.5,,,,,,334.69421,,0,50,100,200,300,400,50,100,200,300,400,500,9.75,334.69421
Particulate Matter 2.5,,,,,,334.03525,,0,50,100,200,300,400,50,100,200,300,400,500,10,334.03525
Particulate Matter 2.5,,,,,,338.87967,,0,50,100,200,300,400,50,100,200,300,400,500,10.25,338.87967
Particulate Matter 2.5,,,,,,338.86749,,0,50,100,200,300,400,50,100,200,300,400,500,10.5,338.86749
Particulate Matter 2.5,,,,,,337.19901,,0,50,100,200,300,400,50,100,200,300,400,500,10.75,337.19901
Particulate Matter 2.5,,,,,,332.46112,,0,50,100,200,300,400,50,100,200,300,400,500,11,332.46112
Particulate Matter 2.5,,,,,,342.32156,,0,50,100,200,300,400,50,100,200,300,400,500,11.25,342.32156
Particulate Matter 2.5,,,,,,338.65503,,0,50,100,200,300,400,50,100,200,300,400,500,11.5,338.65503
Particulate Matter 2.5,,,,,,337.32138,,0,50,100,200,300,400,50,100,200,300,400,500,11.75,337.32138
Particulate Matter 2.5,,,,,,336.09448,,0,50,100,200,300,400,50,100,200,300,400,500,12,336.09448
Particulate Matter 2.5,,,,,,336.88272,,0,50,100,200,300,400,50,100,200,300,400,500,12.25,336.88272
Particulate Matter 2.5,,,,,,335.29156,,0,50,100,200,300,400,50,100,200,300,400,500,12.5,335.29156
Particulate Matter 2.5,,,,,,334.57568,,0,50,100,200,300,400,50,100,200,300,400,500,12.75,334.57568
Particulate Matter 2.5,,,,,,334.65353,,0,50,100,200,300,400,50,100,200,300,400,500,13,334.65353
Particulate Matter 2.5,,,,,,334.41953,,0,50,100,200,300,400,50,100,200,300,400,500,13.25,334.41953
Particulate Matter 2.5,,,,,,331.14502,,0,50,100,200,300,400,50,100,200,300,400,500,13.5,331.14502
Particulate Matter 2.5,,,,,,330.6337,,0,50,100,200,300,400,50,100,200,300,400,500,13.75,330.6337
Particulate Matter 2.5,,,,,,329.54648,,0,50,100,200,300,400,50,100,200,300,400,500,14,329.54648
Particulate Matter 2.5,,,,,,330.43454,,0,50,100,200,300,400,50,100,200,300,400,500,14.25,330.43454
Particulate Matter 2.5,,,,,,327.57034,,0,50,100,200,300,400,50,100,200,300,400,500,14.5,327.57034
Particulate Matter 2.5,,,,,,332.12692,,0,50,100,200,300,400,50,100,200,300,400,500,14.75,332.12692
Particulate Matter 2.5,,,,,,332.44928,,0,50,100,200,300,400,50,100,200,300,400,500,15,332.44928
Particulate Matter 2.5,,,,,,334.75372,,0,50,100,200,300,400,50,100,200,300,400,500,15.25,334.75372
Particulate Matter 2.5,,,,,,337.77118,,0,50,100,200,300,400,50,100,200,300,400,500,15.5,337.77118
Particulate Matter 2.5,,,,,,336.9343,,0,50,100,200,300,400,50,100,200,300,400,500,15.75,336.9343
Particulate Matter 2.5,,,,,,336.5264,,0,50,100,200,300,400,50,100,200,300,400,500,16,336.5264
Particulate Matter 2.5,,,,,,335.42468,,0,50,100,200,300,400,50,100,200,300,400,500,16.25,335.42468
Particulate Matter 2.5,,,,,,334.64148,,0,50,100,200,300,400,50,100,200,300,400,500,16.5,334.64148
Particulate Matter 2.5,,,,,,333.95709,,0,50,100,200,300,400,50,100,200,300,400,500,16.75,333.95709
Particulate Matter 2.5,,,,,,333.64334,,0,50,100,200,300,400,50,100,200,300,400,500,17,333.64334
Particulate Matter 2.5,,,,,,335.23239,,0,50,100,200,300,400,50,100,200,300,400,500,17.25,335.23239
Particulate Matter 2.5,,,,,,333.56424,,0,50,100,200,300,400,50,100,200,300,400,500,17.5,333.56424
Particulate Matter 2.5,,,,,,333.7355,,0,50,100,200,300,400,50,100,200,300,400,500,17.75,333.7355
Particulate Matter 2.5,,,,,,335.55453,,0,50,100,200,300,400,50,100,200,300,400,500,18,335.55453
Particulate Matter 2.5,,,,,,337.64462,,0,50,100,200,300,400,50,100,200,300,400,500,18.25,337.64462
Particulate Matter 2.5,,,,,,338.30301,,0,50,100,200,300,400,50,100,200,300,400,500,18.5,338.30301
Particulate Matter 2.5,,,,,,339.50473,,0,50,100,200,300,400,50,100,200,300,400,500,18.75,339.50473
Particulate Matter 2.5,,,,,,340.79041,,0,50,100,200,300,400,50,100,200,300,400,500,19,340.79041
Particulate Matter 2.5,,,,,,342.3024,,0,50,100,200,300,400,50,100,200,300,400,500,19.25,342.3024
Particulate Matter 2.5,,,,,,342.56226,,0,50,100,200,300,400,50,100,200,300,400,500,19.5,342.56226
Particulate Matter 2.5,,,,,,343.17197,,0,50,100,200,300,400,50,100,200,300,400,500,19.75,343.17197
Particulate Matter 2.5,,,,,,343.98126,,0,50,100,200,300,400,50,100,200,300,400,500,20,343.98126
Particulate Matter 2.5,,,,,,351.43329,,0,50,100,200,300,400,50,100,200,300,400,500,20.25,351.43329
Particulate Matter 2.5,,,,,,350.33191,,0,50,100,200,300,400,50,100,200,300,400,500,20.5,350.33191
Particulate Matter 2.5,,,,,,351.6535,,0,50,100,200,300,400,50,100,200,300,400,500,20.75,351.6535
Particulate Matter 2.5,,,,,,349.80096,,0,50,100,200,300,400,50,100,200,300,400,500,21,349.80096
Particulate Matter 2.5,,,,,,353.78506,,0,50,100,200,300,400,50,100,200,300,400,500,21.25,353.78506
Particulate Matter 2.5,,,,,,353.79272,,0,50,100,200,300,400,50,100,200,300,400,500,21.5,353.79272
Particulate Matter 2.5,,,,,,347.7244,,0,50,100,200,300,400,50,100,200,300,400,500,21.75,347.7244
Particulate Matter 2.5,,,,,,345.19925,,0,50,100,200,300,400,50,100,200,300,400,500,22,345.19925
Particulate Matter 2.5,,,,,,349.79086,,0,50,100,200,300,400,50,100,200,300,400,500,22.25,349.79086
Particulate Matter 2.5,,,,,,348.98813,,0,50,100,200,300,400,50,100,200,300,400,500,22.5,348.98813
Particulate Matter 2.5,,,,,,349.29395,,0,50,100,200,300,400,50,100,200,300,400,500,22.75,349.29395
Particulate Matter 2.5,,,,,,350.29144,,0,50,100,200,300,400,50,100,200,300,400,500,23,350.29144
Particulate Matter 2.5,,,,,,348.11411,,0,50,100,200,300,400,50,100,200,300,400,500,23.25,348.11411
Particulate Matter 2.5,,,,,,346.78928,,0,50,100,200,300,400,50,100,200,300,400,500,23.5,346.78928
Particulate Matter 2.5,,,,,,348.3436,,0,50,100,200,300,400,50,100,200,300,400,500,23.75,348.3436
Particulate Matter 2.5,,,,,,345.0144,,0,50,100,200,300,400,50,100,200,300,400,500,24,345.0144
Sulfur Dioxide,,,,,,,16.060198,0,50,100,200,300,400,50,100,200,300,400,500,.25,16.060198
Sulfur Dioxide,,,,,,,15.400992,0,50,100,200,300,400,50,100,200,300,400,500,.5,15.400992
Sulfur Dioxide,,,,,,,15.285081,0,50,100,200,300,400,50,100,200,300,400,500,.75,15.285081
Sulfur Dioxide,,,,,,,15.780738,0,50,100,200,300,400,50,100,200,300,400,500,1,15.780738
Sulfur Dioxide,,,,,,,15.970703,0,50,100,200,300,400,50,100,200,300,400,500,1.25,15.970703
Sulfur Dioxide,,,,,,,16,0,50,100,200,300,400,50,100,200,300,400,500,1.5,16
Sulfur Dioxide,,,,,,,15.723944,0,50,100,200,300,400,50,100,200,300,400,500,1.75,15.723944
Sulfur Dioxide,,,,,,,15.105382,0,50,100,200,300,400,50,100,200,300,400,500,2,15.105382
Sulfur Dioxide,,,,,,,14.448785,0,50,100,200,300,400,50,100,200,300,400,500,2.25,14.448785
Sulfur Dioxide,,,,,,,13.817763,0,50,100,200,300,400,50,100,200,300,400,500,2.5,13.817763
Sulfur Dioxide,,,,,,,13.600844,0,50,100,200,300,400,50,100,200,300,400,500,2.75,13.600844
Sulfur Dioxide,,,,,,,10.859643,0,50,100,200,300,400,50,100,200,300,400,500,3,10.859643
Sulfur Dioxide,,,,,,,11.924024,0,50,100,200,300,400,50,100,200,300,400,500,3.25,11.924024
Sulfur Dioxide,,,,,,,11.592137,0,50,100,200,300,400,50,100,200,300,400,500,3.5,11.592137
Sulfur Dioxide,,,,,,,10.769246,0,50,100,200,300,400,50,100,200,300,400,500,3.75,10.769246
Sulfur Dioxide,,,,,,,10.653172,0,50,100,200,300,400,50,100,200,300,400,500,4,10.653172
Sulfur Dioxide,,,,,,,11.387319,0,50,100,200,300,400,50,100,200,300,400,500,4.25,11.387319
Sulfur Dioxide,,,,,,,11.414965,0,50,100,200,300,400,50,100,200,300,400,500,4.5,11.414965
Sulfur Dioxide,,,,,,,11.143322,0,50,100,200,300,400,50,100,200,300,400,500,4.75,11.143322
Sulfur Dioxide,,,,,,,10.736815,0,50,100,200,300,400,50,100,200,300,400,500,5,10.736815
Sulfur Dioxide,,,,,,,10.879514,0,50,100,200,300,400,50,100,200,300,400,500,5.25,10.879514
Sulfur Dioxide,,,,,,,10.575868,0,50,100,200,300,400,50,100,200,300,400,500,5.5,10.575868
Sulfur Dioxide,,,,,,,10.192568,0,50,100,200,300,400,50,100,200,300,400,500,5.75,10.192568
Sulfur Dioxide,,,,,,,10.132334,0,50,100,200,300,400,50,100,200,300,400,500,6,10.132334
Sulfur Dioxide,,,,,,,10.358666,0,50,100,200,300,400,50,100,200,300,400,500,6.25,10.358666
Sulfur Dioxide,,,,,,,9.845994,0,50,100,200,300,400,50,100,200,300,400,500,6.5,9.845994
Sulfur Dioxide,,,,,,,10.479747,0,50,100,200,300,400,50,100,200,300,400,500,6.75,10.479747
Sulfur Dioxide,,,,,,,8.874691,0,50,100,200,300,400,50,100,200,300,400,500,7,8.874691
Sulfur Dioxide,,,,,,,10.727678,0,50,100,200,300,400,50,100,200,300,400,500,7.25,10.727678
Sulfur Dioxide,,,,,,,11.442794,0,50,100,200,300,400,50,100,200,300,400,500,7.5,11.442794
Sulfur Dioxide,,,,,,,11.599598,0,50,100,200,300,400,50,100,200,300,400,500,7.75,11.599598
Sulfur Dioxide,,,,,,,12.048951,0,50,100,200,300,400,50,100,200,300,400,500,8,12.048951
Sulfur Dioxide,,,,,,,13.818078,0,50,100,200,300,400,50,100,200,300,400,500,8.25,13.818078
Sulfur Dioxide,,,,,,,14.827956,0,50,100,200,300,400,50,100,200,300,400,500,8.5,14.827956
Sulfur Dioxide,,,,,,,15.960091,0,50,100,200,300,400,50,100,200,300,400,500,8.75,15.960091
Sulfur Dioxide,,,,,,,16.864584,0,50,100,200,300,400,50,100,200,300,400,500,9,16.864584
Sulfur Dioxide,,,,,,,18.62229,0,50,100,200,300,400,50,100,200,300,400,500,9.25,18.62229
Sulfur Dioxide,,,,,,,19.467987,0,50,100,200,300,400,50,100,200,300,400,500,9.5,19.467987
Sulfur Dioxide,,,,,,,20.975149,0,50,100,200,300,400,50,100,200,300,400,500,9.75,20.975149
Sulfur Dioxide,,,,,,,21.524706,0,50,100,200,300,400,50,100,200,300,400,500,10,21.524706
Sulfur Dioxide,,,,,,,22.359558,0,50,100,200,300,400,50,100,200,300,400,500,10.25,22.359558
Sulfur Dioxide,,,,,,,22.476618,0,50,100,200,300,400,50,100,200,300,400,500,10.5,22.476618
Sulfur Dioxide,,,,,,,22.290735,0,50,100,200,300,400,50,100,200,300,400,500,10.75,22.290735
Sulfur Dioxide,,,,,,,18.751524,0,50,100,200,300,400,50,100,200,300,400,500,11,18.751524
Sulfur Dioxide,,,,,,,22.068365,0,50,100,200,300,400,50,100,200,300,400,500,11.25,22.068365
Sulfur Dioxide,,,,,,,22.968832,0,50,100,200,300,400,50,100,200,300,400,500,11.5,22.968832
Sulfur Dioxide,,,,,,,21.947289,0,50,100,200,300,400,50,100,200,300,400,500,11.75,21.947289
Sulfur Dioxide,,,,,,,20.371494,0,50,100,200,300,400,50,100,200,300,400,500,12,20.371494
Sulfur Dioxide,,,,,,,19.873018,0,50,100,200,300,400,50,100,200,300,400,500,12.25,19.873018
Sulfur Dioxide,,,,,,,18.71006,0,50,100,200,300,400,50,100,200,300,400,500,12.5,18.71006
Sulfur Dioxide,,,,,,,18.276356,0,50,100,200,300,400,50,100,200,300,400,500,12.75,18.276356
Sulfur Dioxide,,,,,,,17.158779,0,50,100,200,300,400,50,100,200,300,400,500,13,17.158779
Sulfur Dioxide,,,,,,,17.753273,0,50,100,200,300,400,50,100,200,300,400,500,13.25,17.753273
Sulfur Dioxide,,,,,,,17.495832,0,50,100,200,300,400,50,100,200,300,400,500,13.5,17.495832
Sulfur Dioxide,,,,,,,18.516598,0,50,100,200,300,400,50,100,200,300,400,500,13.75,18.516598
Sulfur Dioxide,,,,,,,17.250151,0,50,100,200,300,400,50,100,200,300,400,500,14,17.250151
Sulfur Dioxide,,,,,,,16.251356,0,50,100,200,300,400,50,100,200,300,400,500,14.25,16.251356
Sulfur Dioxide,,,,,,,15.718072,0,50,100,200,300,400,50,100,200,300,400,500,14.5,15.718072
Sulfur Dioxide,,,,,,,15.954217,0,50,100,200,300,400,50,100,200,300,400,500,14.75,15.954217
Sulfur Dioxide,,,,,,,13.031765,0,50,100,200,300,400,50,100,200,300,400,500,15,13.031765
Sulfur Dioxide,,,,,,,15.563393,0,50,100,200,300,400,50,100,200,300,400,500,15.25,15.563393
Sulfur Dioxide,,,,,,,14.727678,0,50,100,200,300,400,50,100,200,300,400,500,15.5,14.727678
Sulfur Dioxide,,,,,,,14.329762,0,50,100,200,300,400,50,100,200,300,400,500,15.75,14.329762
Sulfur Dioxide,,,,,,,13.452827,0,50,100,200,300,400,50,100,200,300,400,500,16,13.452827
Sulfur Dioxide,,,,,,,13.599553,0,50,100,200,300,400,50,100,200,300,400,500,16.25,13.599553
Sulfur Dioxide,,,,,,,13.487952,0,50,100,200,300,400,50,100,200,300,400,500,16.5,13.487952
Sulfur Dioxide,,,,,,,13.128916,0,50,100,200,300,400,50,100,200,300,400,500,16.75,13.128916
Sulfur Dioxide,,,,,,,12.127134,0,50,100,200,300,400,50,100,200,300,400,500,17,12.127134
Sulfur Dioxide,,,,,,,12.642225,0,50,100,200,300,400,50,100,200,300,400,500,17.25,12.642225
Sulfur Dioxide,,,,,,,13.120275,0,50,100,200,300,400,50,100,200,300,400,500,17.5,13.120275
Sulfur Dioxide,,,,,,,12.946798,0,50,100,200,300,400,50,100,200,300,400,500,17.75,12.946798
Sulfur Dioxide,,,,,,,12.650152,0,50,100,200,300,400,50,100,200,300,400,500,18,12.650152
Sulfur Dioxide,,,,,,,12.921037,0,50,100,200,300,400,50,100,200,300,400,500,18.25,12.921037
Sulfur Dioxide,,,,,,,12.633333,0,50,100,200,300,400,50,100,200,300,400,500,18.5,12.633333
Sulfur Dioxide,,,,,,,12.769753,0,50,100,200,300,400,50,100,200,300,400,500,18.75,12.769753
Sulfur Dioxide,,,,,,,11.957407,0,50,100,200,300,400,50,100,200,300,400,500,19,11.957407
Sulfur Dioxide,,,,,,,14.26936,0,50,100,200,300,400,50,100,200,300,400,500,19.25,14.26936
Sulfur Dioxide,,,,,,,14.926982,0,50,100,200,300,400,50,100,200,300,400,500,19.5,14.926982
Sulfur Dioxide,,,,,,,15.82622,0,50,100,200,300,400,50,100,200,300,400,500,19.75,15.82622
Sulfur Dioxide,,,,,,,15.602439,0,50,100,200,300,400,50,100,200,300,400,500,20,15.602439
Sulfur Dioxide,,,,,,,15.970274,0,50,100,200,300,400,50,100,200,300,400,500,20.25,15.970274
Sulfur Dioxide,,,,,,,16.637049,0,50,100,200,300,400,50,100,200,300,400,500,20.5,16.637049
Sulfur Dioxide,,,,,,,17.878614,0,50,100,200,300,400,50,100,200,300,400,500,20.75,17.878614
Sulfur Dioxide,,,,,,,17.381777,0,50,100,200,300,400,50,100,200,300,400,500,21,17.381777
Sulfur Dioxide,,,,,,,18.155121,0,50,100,200,300,400,50,100,200,300,400,500,21.25,18.155121
Sulfur Dioxide,,,,,,,18.824478,0,50,100,200,300,400,50,100,200,300,400,500,21.5,18.824478
Sulfur Dioxide,,,,,,,19.518324,0,50,100,200,300,400,50,100,200,300,400,500,21.75,19.518324
Sulfur Dioxide,,,,,,,19.258236,0,50,100,200,300,400,50,100,200,300,400,500,22,19.258236
Sulfur Dioxide,,,,,,,18.723276,0,50,100,200,300,400,50,100,200,300,400,500,22.25,18.723276
Sulfur Dioxide,,,,,,,19.024282,0,50,100,200,300,400,50,100,200,300,400,500,22.5,19.024282
Sulfur Dioxide,,,,,,,19.296265,0,50,100,200,300,400,50,100,200,300,400,500,22.75,19.296265
Sulfur Dioxide,,,,,,,15.57773,0,50,100,200,300,400,50,100,200,300,400,500,23,15.57773
Sulfur Dioxide,,,,,,,16.547844,0,50,100,200,300,400,50,100,200,300,400,500,23.25,16.547844
Sulfur Dioxide,,,,,,,17.014656,0,50,100,200,300,400,50,100,200,300,400,500,23.5,17.014656
Sulfur Dioxide,,,,,,,17.090261,0,50,100,200,300,400,50,100,200,300,400,500,23.75,17.090261
Sulfur Dioxide,,,,,,,15.874851,0,50,100,200,300,400,50,100,200,300,400,500,24,15.874851
